Sample_Name	Library_ID	Lane	Colour_Chemistry	SeqType	Organism	Strandedness	UDG_Treatment	R1	R2	BAM	R1_target_file	R2_target_file
VK1	VK1_unspecified	1	4	SE	Homo sapiens (modern human)	double	none	<PATH_TO_DATA>/VK1_unspecified_L1_R1.fastq.gz	NA	NA	ERR4059477.fastq.gz	NA
VK11	VK11_unspecified	1	4	SE	Homo sapiens (modern human)	double	none	<PATH_TO_DATA>/VK11_unspecified_L1_R1.fastq.gz	NA	NA	ERR4059480.fastq.gz	NA
VK20	VK20_unspecified	1	4	SE	Homo sapiens (modern human)	double	none	<PATH_TO_DATA>/VK20_unspecified_L1_R1.fastq.gz	NA	NA	ERR4059487.fastq.gz	NA
VK31	VK31_unspecified	1	4	SE	Homo sapiens (modern human)	double	none	<PATH_TO_DATA>/VK31_unspecified_L1_R1.fastq.gz	NA	NA	ERR4059496.fastq.gz	NA
VK34	VK34_unspecified	1	4	SE	Homo sapiens (modern human)	double	none	<PATH_TO_DATA>/VK34_unspecified_L1_R1.fastq.gz	NA	NA	ERR4059498.fastq.gz	NA
VK40	VK40_unspecified	1	4	SE	Homo sapiens (modern human)	double	none	<PATH_TO_DATA>/VK40_unspecified_L1_R1.fastq.gz	NA	NA	ERR4059501.fastq.gz	NA
VK53	VK53_unspecified	1	4	SE	Homo sapiens (modern human)	double	none	<PATH_TO_DATA>/VK53_unspecified_L1_R1.fastq.gz	NA	NA	ERR4059509.fastq.gz	NA
VK57	VK57_unspecified	1	4	SE	Homo sapiens (modern human)	double	none	<PATH_TO_DATA>/VK57_unspecified_L1_R1.fastq.gz	NA	NA	ERR4059511.fastq.gz	NA
VK69	VK69_unspecified	1	4	SE	Homo sapiens (modern human)	double	none	<PATH_TO_DATA>/VK69_unspecified_L1_R1.fastq.gz	NA	NA	ERR4059517.fastq.gz	NA
VK84	VK84_unspecified	1	4	SE	Homo sapiens (modern human)	double	none	<PATH_TO_DATA>/VK84_unspecified_L1_R1.fastq.gz	NA	NA	ERR4059525.fastq.gz	NA
VK90	VK90_unspecified	1	4	SE	Homo sapiens (modern human)	double	none	<PATH_TO_DATA>/VK90_unspecified_L1_R1.fastq.gz	NA	NA	ERR4059528.fastq.gz	NA
VK94	VK94_unspecified	1	4	SE	Homo sapiens (modern human)	double	none	<PATH_TO_DATA>/VK94_unspecified_L1_R1.fastq.gz	NA	NA	ERR4059530.fastq.gz	NA
VK110	VK110_unspecified	1	4	SE	Homo sapiens (modern human)	double	none	<PATH_TO_DATA>/VK110_unspecified_L1_R1.fastq.gz	NA	NA	ERR4059537.fastq.gz	NA
VK113	VK113_unspecified	1	4	SE	Homo sapiens (modern human)	double	none	<PATH_TO_DATA>/VK113_unspecified_L1_R1.fastq.gz	NA	NA	ERR4059539.fastq.gz	NA
VK116	VK116_unspecified	1	4	SE	Homo sapiens (modern human)	double	none	<PATH_TO_DATA>/VK116_unspecified_L1_R1.fastq.gz	NA	NA	ERR4059541.fastq.gz	NA
VK117	VK117_unspecified	1	4	SE	Homo sapiens (modern human)	double	none	<PATH_TO_DATA>/VK117_unspecified_L1_R1.fastq.gz	NA	NA	ERR4059542.fastq.gz	NA
VK118	VK118_unspecified	1	4	SE	Homo sapiens (modern human)	double	none	<PATH_TO_DATA>/VK118_unspecified_L1_R1.fastq.gz	NA	NA	ERR4059543.fastq.gz	NA
VK122	VK122_unspecified	1	4	SE	Homo sapiens (modern human)	double	none	<PATH_TO_DATA>/VK122_unspecified_L1_R1.fastq.gz	NA	NA	ERR4059544.fastq.gz	NA
VK124	VK124_unspecified	1	4	SE	Homo sapiens (modern human)	double	none	<PATH_TO_DATA>/VK124_unspecified_L1_R1.fastq.gz	NA	NA	ERR4059546.fastq.gz	NA
VK128	VK128_unspecified	1	4	SE	Homo sapiens (modern human)	double	none	<PATH_TO_DATA>/VK128_unspecified_L1_R1.fastq.gz	NA	NA	ERR4059549.fastq.gz	NA
VK133	VK133_unspecified	1	4	SE	Homo sapiens (modern human)	double	none	<PATH_TO_DATA>/VK133_unspecified_L1_R1.fastq.gz	NA	NA	ERR4059551.fastq.gz	NA
VK134	VK134_unspecified	1	4	SE	Homo sapiens (modern human)	double	none	<PATH_TO_DATA>/VK134_unspecified_L1_R1.fastq.gz	NA	NA	ERR4059552.fastq.gz	NA
VK139	VK139_unspecified	1	4	SE	Homo sapiens (modern human)	double	none	<PATH_TO_DATA>/VK139_unspecified_L1_R1.fastq.gz	NA	NA	ERR4059555.fastq.gz	NA
VK145	VK145_unspecified	1	4	SE	Homo sapiens (modern human)	double	none	<PATH_TO_DATA>/VK145_unspecified_L1_R1.fastq.gz	NA	NA	ERR4059560.fastq.gz	NA
VK156	VK156_unspecified	1	4	SE	Homo sapiens (modern human)	double	none	<PATH_TO_DATA>/VK156_unspecified_L1_R1.fastq.gz	NA	NA	ERR4059570.fastq.gz	NA
VK161	VK161_unspecified	1	4	SE	Homo sapiens (modern human)	double	none	<PATH_TO_DATA>/VK161_unspecified_L1_R1.fastq.gz	NA	NA	ERR4059575.fastq.gz	NA
VK165	VK165_unspecified	1	4	SE	Homo sapiens (modern human)	double	none	<PATH_TO_DATA>/VK165_unspecified_L1_R1.fastq.gz	NA	NA	ERR4059578.fastq.gz	NA
VK170	VK170_unspecified	1	4	SE	Homo sapiens (modern human)	double	none	<PATH_TO_DATA>/VK170_unspecified_L1_R1.fastq.gz	NA	NA	ERR4059582.fastq.gz	NA
VK173	VK173_unspecified	1	4	SE	Homo sapiens (modern human)	double	none	<PATH_TO_DATA>/VK173_unspecified_L1_R1.fastq.gz	NA	NA	ERR4059585.fastq.gz	NA
VK175	VK175_unspecified	1	4	SE	Homo sapiens (modern human)	double	none	<PATH_TO_DATA>/VK175_unspecified_L1_R1.fastq.gz	NA	NA	ERR4059587.fastq.gz	NA
VK176	VK176_unspecified	1	4	SE	Homo sapiens (modern human)	double	none	<PATH_TO_DATA>/VK176_unspecified_L1_R1.fastq.gz	NA	NA	ERR4059588.fastq.gz	NA
VK178	VK178_unspecified	1	4	SE	Homo sapiens (modern human)	double	none	<PATH_TO_DATA>/VK178_unspecified_L1_R1.fastq.gz	NA	NA	ERR4059590.fastq.gz	NA
VK182	VK182_unspecified	1	4	SE	Homo sapiens (modern human)	double	none	<PATH_TO_DATA>/VK182_unspecified_L1_R1.fastq.gz	NA	NA	ERR4059593.fastq.gz	NA
VK184	VK184_unspecified	1	4	SE	Homo sapiens (modern human)	double	none	<PATH_TO_DATA>/VK184_unspecified_L1_R1.fastq.gz	NA	NA	ERR4059595.fastq.gz	NA
VK187	VK187_unspecified	1	4	SE	Homo sapiens (modern human)	double	none	<PATH_TO_DATA>/VK187_unspecified_L1_R1.fastq.gz	NA	NA	ERR4059598.fastq.gz	NA
VK190	VK190_unspecified	1	4	SE	Homo sapiens (modern human)	double	none	<PATH_TO_DATA>/VK190_unspecified_L1_R1.fastq.gz	NA	NA	ERR4059600.fastq.gz	NA
VK193	VK193_unspecified	1	4	SE	Homo sapiens (modern human)	double	none	<PATH_TO_DATA>/VK193_unspecified_L1_R1.fastq.gz	NA	NA	ERR4059602.fastq.gz	NA
VK196	VK196_unspecified	1	4	SE	Homo sapiens (modern human)	double	none	<PATH_TO_DATA>/VK196_unspecified_L1_R1.fastq.gz	NA	NA	ERR4059603.fastq.gz	NA
VK205	VK205_unspecified	1	4	SE	Homo sapiens (modern human)	double	none	<PATH_TO_DATA>/VK205_unspecified_L1_R1.fastq.gz	NA	NA	ERR4059609.fastq.gz	NA
VK206	VK206_unspecified	1	4	SE	Homo sapiens (modern human)	double	none	<PATH_TO_DATA>/VK206_unspecified_L1_R1.fastq.gz	NA	NA	ERR4059610.fastq.gz	NA
VK207	VK207_unspecified	1	4	SE	Homo sapiens (modern human)	double	none	<PATH_TO_DATA>/VK207_unspecified_L1_R1.fastq.gz	NA	NA	ERR4059611.fastq.gz	NA
VK211	VK211_unspecified	1	4	SE	Homo sapiens (modern human)	double	none	<PATH_TO_DATA>/VK211_unspecified_L1_R1.fastq.gz	NA	NA	ERR4059614.fastq.gz	NA
VK216	VK216_unspecified	1	4	SE	Homo sapiens (modern human)	double	none	<PATH_TO_DATA>/VK216_unspecified_L1_R1.fastq.gz	NA	NA	ERR4059619.fastq.gz	NA
VK222	VK222_unspecified	1	4	SE	Homo sapiens (modern human)	double	none	<PATH_TO_DATA>/VK222_unspecified_L1_R1.fastq.gz	NA	NA	ERR4059625.fastq.gz	NA
VK223	VK223_unspecified	1	4	SE	Homo sapiens (modern human)	double	none	<PATH_TO_DATA>/VK223_unspecified_L1_R1.fastq.gz	NA	NA	ERR4059626.fastq.gz	NA
VK227	VK227_unspecified	1	4	SE	Homo sapiens (modern human)	double	none	<PATH_TO_DATA>/VK227_unspecified_L1_R1.fastq.gz	NA	NA	ERR4059630.fastq.gz	NA
VK230	VK230_unspecified	1	4	SE	Homo sapiens (modern human)	double	none	<PATH_TO_DATA>/VK230_unspecified_L1_R1.fastq.gz	NA	NA	ERR4059632.fastq.gz	NA
VK239	VK239_unspecified	1	4	SE	Homo sapiens (modern human)	double	none	<PATH_TO_DATA>/VK239_unspecified_L1_R1.fastq.gz	NA	NA	ERR4059638.fastq.gz	NA
VK247	VK247_unspecified	1	4	SE	Homo sapiens (modern human)	double	none	<PATH_TO_DATA>/VK247_unspecified_L1_R1.fastq.gz	NA	NA	ERR4059644.fastq.gz	NA
VK255	VK255_unspecified	1	4	SE	Homo sapiens (modern human)	double	none	<PATH_TO_DATA>/VK255_unspecified_L1_R1.fastq.gz	NA	NA	ERR4059650.fastq.gz	NA
VK258	VK258_unspecified	1	4	SE	Homo sapiens (modern human)	double	none	<PATH_TO_DATA>/VK258_unspecified_L1_R1.fastq.gz	NA	NA	ERR4059653.fastq.gz	NA
VK259	VK259_unspecified	1	4	SE	Homo sapiens (modern human)	double	none	<PATH_TO_DATA>/VK259_unspecified_L1_R1.fastq.gz	NA	NA	ERR4059654.fastq.gz	NA
VK263	VK263_unspecified	1	4	SE	Homo sapiens (modern human)	double	none	<PATH_TO_DATA>/VK263_unspecified_L1_R1.fastq.gz	NA	NA	ERR4059658.fastq.gz	NA
VK265	VK265_unspecified	1	4	SE	Homo sapiens (modern human)	double	none	<PATH_TO_DATA>/VK265_unspecified_L1_R1.fastq.gz	NA	NA	ERR4059660.fastq.gz	NA
VK266	VK266_unspecified	1	4	SE	Homo sapiens (modern human)	double	none	<PATH_TO_DATA>/VK266_unspecified_L1_R1.fastq.gz	NA	NA	ERR4059661.fastq.gz	NA
VK267	VK267_unspecified	1	4	SE	Homo sapiens (modern human)	double	none	<PATH_TO_DATA>/VK267_unspecified_L1_R1.fastq.gz	NA	NA	ERR4059662.fastq.gz	NA
VK268	VK268_unspecified	1	4	SE	Homo sapiens (modern human)	double	none	<PATH_TO_DATA>/VK268_unspecified_L1_R1.fastq.gz	NA	NA	ERR4059663.fastq.gz	NA
VK282	VK282_unspecified	1	4	SE	Homo sapiens (modern human)	double	none	<PATH_TO_DATA>/VK282_unspecified_L1_R1.fastq.gz	NA	NA	ERR4059675.fastq.gz	NA
VK284	VK284_unspecified	1	4	SE	Homo sapiens (modern human)	double	none	<PATH_TO_DATA>/VK284_unspecified_L1_R1.fastq.gz	NA	NA	ERR4059676.fastq.gz	NA
VK288	VK288_unspecified	1	4	SE	Homo sapiens (modern human)	double	none	<PATH_TO_DATA>/VK288_unspecified_L1_R1.fastq.gz	NA	NA	ERR4059680.fastq.gz	NA
VK289	VK289_unspecified	1	4	SE	Homo sapiens (modern human)	double	none	<PATH_TO_DATA>/VK289_unspecified_L1_R1.fastq.gz	NA	NA	ERR4059681.fastq.gz	NA
VK290	VK290_unspecified	1	4	SE	Homo sapiens (modern human)	double	none	<PATH_TO_DATA>/VK290_unspecified_L1_R1.fastq.gz	NA	NA	ERR4059682.fastq.gz	NA
VK309	VK309_unspecified	1	4	SE	Homo sapiens (modern human)	double	none	<PATH_TO_DATA>/VK309_unspecified_L1_R1.fastq.gz	NA	NA	ERR4059696.fastq.gz	NA
VK314	VK314_unspecified	1	4	SE	Homo sapiens (modern human)	double	none	<PATH_TO_DATA>/VK314_unspecified_L1_R1.fastq.gz	NA	NA	ERR4059699.fastq.gz	NA
VK315	VK315_unspecified	1	4	SE	Homo sapiens (modern human)	double	none	<PATH_TO_DATA>/VK315_unspecified_L1_R1.fastq.gz	NA	NA	ERR4059700.fastq.gz	NA
VK317	VK317_unspecified	1	4	SE	Homo sapiens (modern human)	double	none	<PATH_TO_DATA>/VK317_unspecified_L1_R1.fastq.gz	NA	NA	ERR4059702.fastq.gz	NA
VK324	VK324_unspecified	1	4	SE	Homo sapiens (modern human)	double	none	<PATH_TO_DATA>/VK324_unspecified_L1_R1.fastq.gz	NA	NA	ERR4059708.fastq.gz	NA
VK327	VK327_unspecified	1	4	SE	Homo sapiens (modern human)	double	none	<PATH_TO_DATA>/VK327_unspecified_L1_R1.fastq.gz	NA	NA	ERR4059711.fastq.gz	NA
VK329	VK329_unspecified	1	4	SE	Homo sapiens (modern human)	double	none	<PATH_TO_DATA>/VK329_unspecified_L1_R1.fastq.gz	NA	NA	ERR4059713.fastq.gz	NA
VK330	VK330_unspecified	1	4	SE	Homo sapiens (modern human)	double	none	<PATH_TO_DATA>/VK330_unspecified_L1_R1.fastq.gz	NA	NA	ERR4059714.fastq.gz	NA
VK336	VK336_unspecified	1	4	SE	Homo sapiens (modern human)	double	none	<PATH_TO_DATA>/VK336_unspecified_L1_R1.fastq.gz	NA	NA	ERR4059719.fastq.gz	NA
VK343	VK343_unspecified	1	4	SE	Homo sapiens (modern human)	double	none	<PATH_TO_DATA>/VK343_unspecified_L1_R1.fastq.gz	NA	NA	ERR4059725.fastq.gz	NA
VK346	VK346_unspecified	1	4	SE	Homo sapiens (modern human)	double	none	<PATH_TO_DATA>/VK346_unspecified_L1_R1.fastq.gz	NA	NA	ERR4059728.fastq.gz	NA
VK348	VK348_unspecified	1	4	SE	Homo sapiens (modern human)	double	none	<PATH_TO_DATA>/VK348_unspecified_L1_R1.fastq.gz	NA	NA	ERR4059730.fastq.gz	NA
VK349	VK349_unspecified	1	4	SE	Homo sapiens (modern human)	double	none	<PATH_TO_DATA>/VK349_unspecified_L1_R1.fastq.gz	NA	NA	ERR4059731.fastq.gz	NA
VK355	VK355_unspecified	1	4	SE	Homo sapiens (modern human)	double	none	<PATH_TO_DATA>/VK355_unspecified_L1_R1.fastq.gz	NA	NA	ERR4059736.fastq.gz	NA
VK357	VK357_unspecified	1	4	SE	Homo sapiens (modern human)	double	none	<PATH_TO_DATA>/VK357_unspecified_L1_R1.fastq.gz	NA	NA	ERR4059737.fastq.gz	NA
VK369	VK369_unspecified	1	4	SE	Homo sapiens (modern human)	double	none	<PATH_TO_DATA>/VK369_unspecified_L1_R1.fastq.gz	NA	NA	ERR4059748.fastq.gz	NA
VK384	VK384_unspecified	1	4	SE	Homo sapiens (modern human)	double	none	<PATH_TO_DATA>/VK384_unspecified_L1_R1.fastq.gz	NA	NA	ERR4059757.fastq.gz	NA
VK386	VK386_unspecified	1	4	SE	Homo sapiens (modern human)	double	none	<PATH_TO_DATA>/VK386_unspecified_L1_R1.fastq.gz	NA	NA	ERR4059759.fastq.gz	NA
VK387	VK387_unspecified	1	4	SE	Homo sapiens (modern human)	double	none	<PATH_TO_DATA>/VK387_unspecified_L1_R1.fastq.gz	NA	NA	ERR4059760.fastq.gz	NA
VK391	VK391_unspecified	1	4	SE	Homo sapiens (modern human)	double	none	<PATH_TO_DATA>/VK391_unspecified_L1_R1.fastq.gz	NA	NA	ERR4059764.fastq.gz	NA
VK396	VK396_unspecified	1	4	SE	Homo sapiens (modern human)	double	none	<PATH_TO_DATA>/VK396_unspecified_L1_R1.fastq.gz	NA	NA	ERR4059769.fastq.gz	NA
VK397	VK397_unspecified	1	4	SE	Homo sapiens (modern human)	double	none	<PATH_TO_DATA>/VK397_unspecified_L1_R1.fastq.gz	NA	NA	ERR4059770.fastq.gz	NA
VK398	VK398_unspecified	1	4	SE	Homo sapiens (modern human)	double	none	<PATH_TO_DATA>/VK398_unspecified_L1_R1.fastq.gz	NA	NA	ERR4059771.fastq.gz	NA
VK400	VK400_unspecified	1	4	SE	Homo sapiens (modern human)	double	none	<PATH_TO_DATA>/VK400_unspecified_L1_R1.fastq.gz	NA	NA	ERR4059773.fastq.gz	NA
VK404	VK404_unspecified	1	4	SE	Homo sapiens (modern human)	double	none	<PATH_TO_DATA>/VK404_unspecified_L1_R1.fastq.gz	NA	NA	ERR4059777.fastq.gz	NA
VK405	VK405_unspecified	1	4	SE	Homo sapiens (modern human)	double	none	<PATH_TO_DATA>/VK405_unspecified_L1_R1.fastq.gz	NA	NA	ERR4059778.fastq.gz	NA
VK407	VK407_unspecified	1	4	SE	Homo sapiens (modern human)	double	none	<PATH_TO_DATA>/VK407_unspecified_L1_R1.fastq.gz	NA	NA	ERR4059780.fastq.gz	NA
VK408	VK408_unspecified	1	4	SE	Homo sapiens (modern human)	double	none	<PATH_TO_DATA>/VK408_unspecified_L1_R1.fastq.gz	NA	NA	ERR4059781.fastq.gz	NA
VK410	VK410_unspecified	1	4	SE	Homo sapiens (modern human)	double	none	<PATH_TO_DATA>/VK410_unspecified_L1_R1.fastq.gz	NA	NA	ERR4059783.fastq.gz	NA
VK418	VK418_unspecified	1	4	SE	Homo sapiens (modern human)	double	none	<PATH_TO_DATA>/VK418_unspecified_L1_R1.fastq.gz	NA	NA	ERR4059789.fastq.gz	NA
VK421	VK421_unspecified	1	4	SE	Homo sapiens (modern human)	double	none	<PATH_TO_DATA>/VK421_unspecified_L1_R1.fastq.gz	NA	NA	ERR4059792.fastq.gz	NA
VK426	VK426_unspecified	1	4	SE	Homo sapiens (modern human)	double	none	<PATH_TO_DATA>/VK426_unspecified_L1_R1.fastq.gz	NA	NA	ERR4059796.fastq.gz	NA
VK431	VK431_unspecified	1	4	SE	Homo sapiens (modern human)	double	none	<PATH_TO_DATA>/VK431_unspecified_L1_R1.fastq.gz	NA	NA	ERR4059801.fastq.gz	NA
VK433	VK433_unspecified	1	4	SE	Homo sapiens (modern human)	double	none	<PATH_TO_DATA>/VK433_unspecified_L1_R1.fastq.gz	NA	NA	ERR4059803.fastq.gz	NA
VK441	VK441_unspecified	1	4	SE	Homo sapiens (modern human)	double	none	<PATH_TO_DATA>/VK441_unspecified_L1_R1.fastq.gz	NA	NA	ERR4059810.fastq.gz	NA
VK443	VK443_unspecified	1	4	SE	Homo sapiens (modern human)	double	none	<PATH_TO_DATA>/VK443_unspecified_L1_R1.fastq.gz	NA	NA	ERR4059812.fastq.gz	NA
VK445	VK445_unspecified	1	4	SE	Homo sapiens (modern human)	double	none	<PATH_TO_DATA>/VK445_unspecified_L1_R1.fastq.gz	NA	NA	ERR4059814.fastq.gz	NA
VK450	VK450_unspecified	1	4	SE	Homo sapiens (modern human)	double	none	<PATH_TO_DATA>/VK450_unspecified_L1_R1.fastq.gz	NA	NA	ERR4059818.fastq.gz	NA
VK454	VK454_unspecified	1	4	SE	Homo sapiens (modern human)	double	none	<PATH_TO_DATA>/VK454_unspecified_L1_R1.fastq.gz	NA	NA	ERR4059821.fastq.gz	NA
VK457	VK457_unspecified	1	4	SE	Homo sapiens (modern human)	double	none	<PATH_TO_DATA>/VK457_unspecified_L1_R1.fastq.gz	NA	NA	ERR4059824.fastq.gz	NA
VK459	VK459_unspecified	1	4	SE	Homo sapiens (modern human)	double	none	<PATH_TO_DATA>/VK459_unspecified_L1_R1.fastq.gz	NA	NA	ERR4059826.fastq.gz	NA
VK460	VK460_unspecified	1	4	SE	Homo sapiens (modern human)	double	none	<PATH_TO_DATA>/VK460_unspecified_L1_R1.fastq.gz	NA	NA	ERR4059827.fastq.gz	NA
VK468	VK468_unspecified	1	4	SE	Homo sapiens (modern human)	double	none	<PATH_TO_DATA>/VK468_unspecified_L1_R1.fastq.gz	NA	NA	ERR4059834.fastq.gz	NA
VK470	VK470_unspecified	1	4	SE	Homo sapiens (modern human)	double	none	<PATH_TO_DATA>/VK470_unspecified_L1_R1.fastq.gz	NA	NA	ERR4059836.fastq.gz	NA
VK471	VK471_unspecified	1	4	SE	Homo sapiens (modern human)	double	none	<PATH_TO_DATA>/VK471_unspecified_L1_R1.fastq.gz	NA	NA	ERR4059837.fastq.gz	NA
VK472	VK472_unspecified	1	4	SE	Homo sapiens (modern human)	double	none	<PATH_TO_DATA>/VK472_unspecified_L1_R1.fastq.gz	NA	NA	ERR4059838.fastq.gz	NA
VK474	VK474_unspecified	1	4	SE	Homo sapiens (modern human)	double	none	<PATH_TO_DATA>/VK474_unspecified_L1_R1.fastq.gz	NA	NA	ERR4059840.fastq.gz	NA
VK475	VK475_unspecified	1	4	SE	Homo sapiens (modern human)	double	none	<PATH_TO_DATA>/VK475_unspecified_L1_R1.fastq.gz	NA	NA	ERR4059841.fastq.gz	NA
VK480	VK480_unspecified	1	4	SE	Homo sapiens (modern human)	double	none	<PATH_TO_DATA>/VK480_unspecified_L1_R1.fastq.gz	NA	NA	ERR4059846.fastq.gz	NA
VK492	VK492_unspecified	1	4	SE	Homo sapiens (modern human)	double	none	<PATH_TO_DATA>/VK492_unspecified_L1_R1.fastq.gz	NA	NA	ERR4059858.fastq.gz	NA
VK494	VK494_unspecified	1	4	SE	Homo sapiens (modern human)	double	none	<PATH_TO_DATA>/VK494_unspecified_L1_R1.fastq.gz	NA	NA	ERR4059860.fastq.gz	NA
VK496	VK496_unspecified	1	4	SE	Homo sapiens (modern human)	double	none	<PATH_TO_DATA>/VK496_unspecified_L1_R1.fastq.gz	NA	NA	ERR4059862.fastq.gz	NA
VK509	VK509_unspecified	1	4	SE	Homo sapiens (modern human)	double	none	<PATH_TO_DATA>/VK509_unspecified_L1_R1.fastq.gz	NA	NA	ERR4059870.fastq.gz	NA
VK514	VK514_unspecified	1	4	SE	Homo sapiens (modern human)	double	none	<PATH_TO_DATA>/VK514_unspecified_L1_R1.fastq.gz	NA	NA	ERR4059875.fastq.gz	NA
VK515	VK515_unspecified	1	4	SE	Homo sapiens (modern human)	double	none	<PATH_TO_DATA>/VK515_unspecified_L1_R1.fastq.gz	NA	NA	ERR4059876.fastq.gz	NA
VK518	VK518_unspecified	1	4	SE	Homo sapiens (modern human)	double	none	<PATH_TO_DATA>/VK518_unspecified_L1_R1.fastq.gz	NA	NA	ERR4059879.fastq.gz	NA
VK520	VK520_unspecified	1	4	SE	Homo sapiens (modern human)	double	none	<PATH_TO_DATA>/VK520_unspecified_L1_R1.fastq.gz	NA	NA	ERR4059881.fastq.gz	NA
VK530	VK530_unspecified	1	4	SE	Homo sapiens (modern human)	double	none	<PATH_TO_DATA>/VK530_unspecified_L1_R1.fastq.gz	NA	NA	ERR4059891.fastq.gz	NA
VK537	VK537_unspecified	1	4	SE	Homo sapiens (modern human)	double	none	<PATH_TO_DATA>/VK537_unspecified_L1_R1.fastq.gz	NA	NA	ERR4059898.fastq.gz	NA
VK539	VK539_unspecified	1	4	SE	Homo sapiens (modern human)	double	none	<PATH_TO_DATA>/VK539_unspecified_L1_R1.fastq.gz	NA	NA	ERR4059900.fastq.gz	NA
VK542	VK542_unspecified	1	4	SE	Homo sapiens (modern human)	double	none	<PATH_TO_DATA>/VK542_unspecified_L1_R1.fastq.gz	NA	NA	ERR4059903.fastq.gz	NA
VK544	VK544_unspecified	1	4	SE	Homo sapiens (modern human)	double	none	<PATH_TO_DATA>/VK544_unspecified_L1_R1.fastq.gz	NA	NA	ERR4059905.fastq.gz	NA
VK547	VK547_unspecified	1	4	SE	Homo sapiens (modern human)	double	none	<PATH_TO_DATA>/VK547_unspecified_L1_R1.fastq.gz	NA	NA	ERR4059908.fastq.gz	NA
VK552	VK552_unspecified	1	4	SE	Homo sapiens (modern human)	double	none	<PATH_TO_DATA>/VK552_unspecified_L1_R1.fastq.gz	NA	NA	ERR4059913.fastq.gz	NA
VK553	VK553_unspecified	1	4	SE	Homo sapiens (modern human)	double	none	<PATH_TO_DATA>/VK553_unspecified_L1_R1.fastq.gz	NA	NA	ERR4059914.fastq.gz	NA
VK554	VK554_unspecified	1	4	SE	Homo sapiens (modern human)	double	none	<PATH_TO_DATA>/VK554_unspecified_L1_R1.fastq.gz	NA	NA	ERR4059915.fastq.gz	NA
VK555	VK555_unspecified	1	4	SE	Homo sapiens (modern human)	double	none	<PATH_TO_DATA>/VK555_unspecified_L1_R1.fastq.gz	NA	NA	ERR4059916.fastq.gz	NA
VK579	VK579_unspecified	1	4	SE	Homo sapiens (modern human)	double	none	<PATH_TO_DATA>/VK579_unspecified_L1_R1.fastq.gz	NA	NA	ERR4059917.fastq.gz	NA
VK6	VK6_unspecified	1	4	SE	Homo sapiens (modern human)	double	none	<PATH_TO_DATA>/VK6_unspecified_L1_R1.fastq.gz	NA	NA	ERR4059478.fastq.gz	NA
VK9	VK9_unspecified	1	4	SE	Homo sapiens (modern human)	double	none	<PATH_TO_DATA>/VK9_unspecified_L1_R1.fastq.gz	NA	NA	ERR4059479.fastq.gz	NA
VK14	VK14_unspecified	1	4	SE	Homo sapiens (modern human)	double	none	<PATH_TO_DATA>/VK14_unspecified_L1_R1.fastq.gz	NA	NA	ERR4059481.fastq.gz	NA
VK16	VK16_unspecified	1	4	SE	Homo sapiens (modern human)	double	none	<PATH_TO_DATA>/VK16_unspecified_L1_R1.fastq.gz	NA	NA	ERR4059483.fastq.gz	NA
VK17	VK17_unspecified	1	4	SE	Homo sapiens (modern human)	double	none	<PATH_TO_DATA>/VK17_unspecified_L1_R1.fastq.gz	NA	NA	ERR4059484.fastq.gz	NA
VK19	VK19_unspecified	1	4	SE	Homo sapiens (modern human)	double	none	<PATH_TO_DATA>/VK19_unspecified_L1_R1.fastq.gz	NA	NA	ERR4059486.fastq.gz	NA
VK22	VK22_unspecified	1	4	SE	Homo sapiens (modern human)	double	none	<PATH_TO_DATA>/VK22_unspecified_L1_R1.fastq.gz	NA	NA	ERR4059489.fastq.gz	NA
VK24	VK24_unspecified	1	4	SE	Homo sapiens (modern human)	double	none	<PATH_TO_DATA>/VK24_unspecified_L1_R1.fastq.gz	NA	NA	ERR4059491.fastq.gz	NA
VK25	VK25_unspecified	1	4	SE	Homo sapiens (modern human)	double	none	<PATH_TO_DATA>/VK25_unspecified_L1_R1.fastq.gz	NA	NA	ERR4059492.fastq.gz	NA
VK27	VK27_unspecified	1	4	SE	Homo sapiens (modern human)	double	none	<PATH_TO_DATA>/VK27_unspecified_L1_R1.fastq.gz	NA	NA	ERR4059493.fastq.gz	NA
VK29	VK29_unspecified	1	4	SE	Homo sapiens (modern human)	double	none	<PATH_TO_DATA>/VK29_unspecified_L1_R1.fastq.gz	NA	NA	ERR4059494.fastq.gz	NA
VK30	VK30_unspecified	1	4	SE	Homo sapiens (modern human)	double	none	<PATH_TO_DATA>/VK30_unspecified_L1_R1.fastq.gz	NA	NA	ERR4059495.fastq.gz	NA
VK33	VK33_unspecified	1	4	SE	Homo sapiens (modern human)	double	none	<PATH_TO_DATA>/VK33_unspecified_L1_R1.fastq.gz	NA	NA	ERR4059497.fastq.gz	NA
VK35	VK35_unspecified	1	4	SE	Homo sapiens (modern human)	double	none	<PATH_TO_DATA>/VK35_unspecified_L1_R1.fastq.gz	NA	NA	ERR4059499.fastq.gz	NA
VK42	VK42_unspecified	1	4	SE	Homo sapiens (modern human)	double	none	<PATH_TO_DATA>/VK42_unspecified_L1_R1.fastq.gz	NA	NA	ERR4059502.fastq.gz	NA
VK44	VK44_unspecified	1	4	SE	Homo sapiens (modern human)	double	none	<PATH_TO_DATA>/VK44_unspecified_L1_R1.fastq.gz	NA	NA	ERR4059503.fastq.gz	NA
VK48	VK48_unspecified	1	4	SE	Homo sapiens (modern human)	double	none	<PATH_TO_DATA>/VK48_unspecified_L1_R1.fastq.gz	NA	NA	ERR4059506.fastq.gz	NA
VK51	VK51_unspecified	1	4	SE	Homo sapiens (modern human)	double	none	<PATH_TO_DATA>/VK51_unspecified_L1_R1.fastq.gz	NA	NA	ERR4059508.fastq.gz	NA
VK63	VK63_unspecified	1	4	SE	Homo sapiens (modern human)	double	none	<PATH_TO_DATA>/VK63_unspecified_L1_R1.fastq.gz	NA	NA	ERR4059514.fastq.gz	NA
VK65	VK65_unspecified	1	4	SE	Homo sapiens (modern human)	double	none	<PATH_TO_DATA>/VK65_unspecified_L1_R1.fastq.gz	NA	NA	ERR4059516.fastq.gz	NA
VK70	VK70_unspecified	1	4	SE	Homo sapiens (modern human)	double	none	<PATH_TO_DATA>/VK70_unspecified_L1_R1.fastq.gz	NA	NA	ERR4059518.fastq.gz	NA
VK75	VK75_unspecified	1	4	SE	Homo sapiens (modern human)	double	none	<PATH_TO_DATA>/VK75_unspecified_L1_R1.fastq.gz	NA	NA	ERR4059521.fastq.gz	NA
VK86	VK86_unspecified	1	4	SE	Homo sapiens (modern human)	double	none	<PATH_TO_DATA>/VK86_unspecified_L1_R1.fastq.gz	NA	NA	ERR4059526.fastq.gz	NA
VK87	VK87_unspecified	1	4	SE	Homo sapiens (modern human)	double	none	<PATH_TO_DATA>/VK87_unspecified_L1_R1.fastq.gz	NA	NA	ERR4059527.fastq.gz	NA
VK99	VK99_unspecified	1	4	SE	Homo sapiens (modern human)	double	none	<PATH_TO_DATA>/VK99_unspecified_L1_R1.fastq.gz	NA	NA	ERR4059533.fastq.gz	NA
VK101	VK101_unspecified	1	4	SE	Homo sapiens (modern human)	double	none	<PATH_TO_DATA>/VK101_unspecified_L1_R1.fastq.gz	NA	NA	ERR4059534.fastq.gz	NA
VK108	VK108_unspecified	1	4	SE	Homo sapiens (modern human)	double	none	<PATH_TO_DATA>/VK108_unspecified_L1_R1.fastq.gz	NA	NA	ERR4059536.fastq.gz	NA
VK111	VK111_unspecified	1	4	SE	Homo sapiens (modern human)	double	none	<PATH_TO_DATA>/VK111_unspecified_L1_R1.fastq.gz	NA	NA	ERR4059538.fastq.gz	NA
VK123	VK123_unspecified	1	4	SE	Homo sapiens (modern human)	double	none	<PATH_TO_DATA>/VK123_unspecified_L1_R1.fastq.gz	NA	NA	ERR4059545.fastq.gz	NA
VK125	VK125_unspecified	1	4	SE	Homo sapiens (modern human)	double	none	<PATH_TO_DATA>/VK125_unspecified_L1_R1.fastq.gz	NA	NA	ERR4059547.fastq.gz	NA
VK129	VK129_unspecified	1	4	SE	Homo sapiens (modern human)	double	none	<PATH_TO_DATA>/VK129_unspecified_L1_R1.fastq.gz	NA	NA	ERR4059550.fastq.gz	NA
VK135	VK135_unspecified	1	4	SE	Homo sapiens (modern human)	double	none	<PATH_TO_DATA>/VK135_unspecified_L1_R1.fastq.gz	NA	NA	ERR4059553.fastq.gz	NA
VK140	VK140_unspecified	1	4	SE	Homo sapiens (modern human)	double	none	<PATH_TO_DATA>/VK140_unspecified_L1_R1.fastq.gz	NA	NA	ERR4059556.fastq.gz	NA
VK144	VK144_unspecified	1	4	SE	Homo sapiens (modern human)	double	none	<PATH_TO_DATA>/VK144_unspecified_L1_R1.fastq.gz	NA	NA	ERR4059559.fastq.gz	NA
VK146	VK146_unspecified	1	4	SE	Homo sapiens (modern human)	double	none	<PATH_TO_DATA>/VK146_unspecified_L1_R1.fastq.gz	NA	NA	ERR4059561.fastq.gz	NA
VK149	VK149_unspecified	1	4	SE	Homo sapiens (modern human)	double	none	<PATH_TO_DATA>/VK149_unspecified_L1_R1.fastq.gz	NA	NA	ERR4059564.fastq.gz	NA
VK151	VK151_unspecified	1	4	SE	Homo sapiens (modern human)	double	none	<PATH_TO_DATA>/VK151_unspecified_L1_R1.fastq.gz	NA	NA	ERR4059566.fastq.gz	NA
VK154	VK154_unspecified	1	4	SE	Homo sapiens (modern human)	double	none	<PATH_TO_DATA>/VK154_unspecified_L1_R1.fastq.gz	NA	NA	ERR4059568.fastq.gz	NA
VK157	VK157_unspecified	1	4	SE	Homo sapiens (modern human)	double	none	<PATH_TO_DATA>/VK157_unspecified_L1_R1.fastq.gz	NA	NA	ERR4059571.fastq.gz	NA
VK166	VK166_unspecified	1	4	SE	Homo sapiens (modern human)	double	none	<PATH_TO_DATA>/VK166_unspecified_L1_R1.fastq.gz	NA	NA	ERR4059579.fastq.gz	NA
VK167	VK167_unspecified	1	4	SE	Homo sapiens (modern human)	double	none	<PATH_TO_DATA>/VK167_unspecified_L1_R1.fastq.gz	NA	NA	ERR4059580.fastq.gz	NA
VK168	VK168_unspecified	1	4	SE	Homo sapiens (modern human)	double	none	<PATH_TO_DATA>/VK168_unspecified_L1_R1.fastq.gz	NA	NA	ERR4059581.fastq.gz	NA
VK171	VK171_unspecified	1	4	SE	Homo sapiens (modern human)	double	none	<PATH_TO_DATA>/VK171_unspecified_L1_R1.fastq.gz	NA	NA	ERR4059583.fastq.gz	NA
VK174	VK174_unspecified	1	4	SE	Homo sapiens (modern human)	double	none	<PATH_TO_DATA>/VK174_unspecified_L1_R1.fastq.gz	NA	NA	ERR4059586.fastq.gz	NA
VK183	VK183_unspecified	1	4	SE	Homo sapiens (modern human)	double	none	<PATH_TO_DATA>/VK183_unspecified_L1_R1.fastq.gz	NA	NA	ERR4059594.fastq.gz	NA
VK186	VK186_unspecified	1	4	SE	Homo sapiens (modern human)	double	none	<PATH_TO_DATA>/VK186_unspecified_L1_R1.fastq.gz	NA	NA	ERR4059597.fastq.gz	NA
VK189	VK189_unspecified	1	4	SE	Homo sapiens (modern human)	double	none	<PATH_TO_DATA>/VK189_unspecified_L1_R1.fastq.gz	NA	NA	ERR4059599.fastq.gz	NA
VK201	VK201_unspecified	1	4	SE	Homo sapiens (modern human)	double	none	<PATH_TO_DATA>/VK201_unspecified_L1_R1.fastq.gz	NA	NA	ERR4059605.fastq.gz	NA
VK203	VK203_unspecified	1	4	SE	Homo sapiens (modern human)	double	none	<PATH_TO_DATA>/VK203_unspecified_L1_R1.fastq.gz	NA	NA	ERR4059607.fastq.gz	NA
VK208	VK208_unspecified	1	4	SE	Homo sapiens (modern human)	double	none	<PATH_TO_DATA>/VK208_unspecified_L1_R1.fastq.gz	NA	NA	ERR4059612.fastq.gz	NA
VK210	VK210_unspecified	1	4	SE	Homo sapiens (modern human)	double	none	<PATH_TO_DATA>/VK210_unspecified_L1_R1.fastq.gz	NA	NA	ERR4059613.fastq.gz	NA
VK212	VK212_unspecified	1	4	SE	Homo sapiens (modern human)	double	none	<PATH_TO_DATA>/VK212_unspecified_L1_R1.fastq.gz	NA	NA	ERR4059615.fastq.gz	NA
VK214	VK214_unspecified	1	4	SE	Homo sapiens (modern human)	double	none	<PATH_TO_DATA>/VK214_unspecified_L1_R1.fastq.gz	NA	NA	ERR4059617.fastq.gz	NA
VK215	VK215_unspecified	1	4	SE	Homo sapiens (modern human)	double	none	<PATH_TO_DATA>/VK215_unspecified_L1_R1.fastq.gz	NA	NA	ERR4059618.fastq.gz	NA
VK217	VK217_unspecified	1	4	SE	Homo sapiens (modern human)	double	none	<PATH_TO_DATA>/VK217_unspecified_L1_R1.fastq.gz	NA	NA	ERR4059620.fastq.gz	NA
VK218	VK218_unspecified	1	4	SE	Homo sapiens (modern human)	double	none	<PATH_TO_DATA>/VK218_unspecified_L1_R1.fastq.gz	NA	NA	ERR4059621.fastq.gz	NA
VK219	VK219_unspecified	1	4	SE	Homo sapiens (modern human)	double	none	<PATH_TO_DATA>/VK219_unspecified_L1_R1.fastq.gz	NA	NA	ERR4059622.fastq.gz	NA
VK221	VK221_unspecified	1	4	SE	Homo sapiens (modern human)	double	none	<PATH_TO_DATA>/VK221_unspecified_L1_R1.fastq.gz	NA	NA	ERR4059624.fastq.gz	NA
VK226	VK226_unspecified	1	4	SE	Homo sapiens (modern human)	double	none	<PATH_TO_DATA>/VK226_unspecified_L1_R1.fastq.gz	NA	NA	ERR4059629.fastq.gz	NA
VK232	VK232_unspecified	1	4	SE	Homo sapiens (modern human)	double	none	<PATH_TO_DATA>/VK232_unspecified_L1_R1.fastq.gz	NA	NA	ERR4059633.fastq.gz	NA
VK234	VK234_unspecified	1	4	SE	Homo sapiens (modern human)	double	none	<PATH_TO_DATA>/VK234_unspecified_L1_R1.fastq.gz	NA	NA	ERR4059634.fastq.gz	NA
VK237	VK237_unspecified	1	4	SE	Homo sapiens (modern human)	double	none	<PATH_TO_DATA>/VK237_unspecified_L1_R1.fastq.gz	NA	NA	ERR4059636.fastq.gz	NA
VK238	VK238_unspecified	1	4	SE	Homo sapiens (modern human)	double	none	<PATH_TO_DATA>/VK238_unspecified_L1_R1.fastq.gz	NA	NA	ERR4059637.fastq.gz	NA
VK241	VK241_unspecified	1	4	SE	Homo sapiens (modern human)	double	none	<PATH_TO_DATA>/VK241_unspecified_L1_R1.fastq.gz	NA	NA	ERR4059640.fastq.gz	NA
VK245	VK245_unspecified	1	4	SE	Homo sapiens (modern human)	double	none	<PATH_TO_DATA>/VK245_unspecified_L1_R1.fastq.gz	NA	NA	ERR4059643.fastq.gz	NA
VK254	VK254_unspecified	1	4	SE	Homo sapiens (modern human)	double	none	<PATH_TO_DATA>/VK254_unspecified_L1_R1.fastq.gz	NA	NA	ERR4059649.fastq.gz	NA
VK260	VK260_unspecified	1	4	SE	Homo sapiens (modern human)	double	none	<PATH_TO_DATA>/VK260_unspecified_L1_R1.fastq.gz	NA	NA	ERR4059655.fastq.gz	NA
VK261	VK261_unspecified	1	4	SE	Homo sapiens (modern human)	double	none	<PATH_TO_DATA>/VK261_unspecified_L1_R1.fastq.gz	NA	NA	ERR4059656.fastq.gz	NA
VK272	VK272_unspecified	1	4	SE	Homo sapiens (modern human)	double	none	<PATH_TO_DATA>/VK272_unspecified_L1_R1.fastq.gz	NA	NA	ERR4059666.fastq.gz	NA
VK276	VK276_unspecified	1	4	SE	Homo sapiens (modern human)	double	none	<PATH_TO_DATA>/VK276_unspecified_L1_R1.fastq.gz	NA	NA	ERR4059670.fastq.gz	NA
VK279	VK279_unspecified	1	4	SE	Homo sapiens (modern human)	double	none	<PATH_TO_DATA>/VK279_unspecified_L1_R1.fastq.gz	NA	NA	ERR4059672.fastq.gz	NA
VK281	VK281_unspecified	1	4	SE	Homo sapiens (modern human)	double	none	<PATH_TO_DATA>/VK281_unspecified_L1_R1.fastq.gz	NA	NA	ERR4059674.fastq.gz	NA
VK285	VK285_unspecified	1	4	SE	Homo sapiens (modern human)	double	none	<PATH_TO_DATA>/VK285_unspecified_L1_R1.fastq.gz	NA	NA	ERR4059677.fastq.gz	NA
VK287	VK287_unspecified	1	4	SE	Homo sapiens (modern human)	double	none	<PATH_TO_DATA>/VK287_unspecified_L1_R1.fastq.gz	NA	NA	ERR4059679.fastq.gz	NA
VK295	VK295_unspecified	1	4	SE	Homo sapiens (modern human)	double	none	<PATH_TO_DATA>/VK295_unspecified_L1_R1.fastq.gz	NA	NA	ERR4059686.fastq.gz	NA
VK296	VK296_unspecified	1	4	SE	Homo sapiens (modern human)	double	none	<PATH_TO_DATA>/VK296_unspecified_L1_R1.fastq.gz	NA	NA	ERR4059687.fastq.gz	NA
VK297	VK297_unspecified	1	4	SE	Homo sapiens (modern human)	double	none	<PATH_TO_DATA>/VK297_unspecified_L1_R1.fastq.gz	NA	NA	ERR4059688.fastq.gz	NA
VK298	VK298_unspecified	1	4	SE	Homo sapiens (modern human)	double	none	<PATH_TO_DATA>/VK298_unspecified_L1_R1.fastq.gz	NA	NA	ERR4059689.fastq.gz	NA
VK301	VK301_unspecified	1	4	SE	Homo sapiens (modern human)	double	none	<PATH_TO_DATA>/VK301_unspecified_L1_R1.fastq.gz	NA	NA	ERR4059691.fastq.gz	NA
VK304	VK304_unspecified	1	4	SE	Homo sapiens (modern human)	double	none	<PATH_TO_DATA>/VK304_unspecified_L1_R1.fastq.gz	NA	NA	ERR4059693.fastq.gz	NA
VK306	VK306_unspecified	1	4	SE	Homo sapiens (modern human)	double	none	<PATH_TO_DATA>/VK306_unspecified_L1_R1.fastq.gz	NA	NA	ERR4059694.fastq.gz	NA
VK308	VK308_unspecified	1	4	SE	Homo sapiens (modern human)	double	none	<PATH_TO_DATA>/VK308_unspecified_L1_R1.fastq.gz	NA	NA	ERR4059695.fastq.gz	NA
VK312	VK312_unspecified	1	4	SE	Homo sapiens (modern human)	double	none	<PATH_TO_DATA>/VK312_unspecified_L1_R1.fastq.gz	NA	NA	ERR4059697.fastq.gz	NA
VK313	VK313_unspecified	1	4	SE	Homo sapiens (modern human)	double	none	<PATH_TO_DATA>/VK313_unspecified_L1_R1.fastq.gz	NA	NA	ERR4059698.fastq.gz	NA
VK318	VK318_unspecified	1	4	SE	Homo sapiens (modern human)	double	none	<PATH_TO_DATA>/VK318_unspecified_L1_R1.fastq.gz	NA	NA	ERR4059703.fastq.gz	NA
VK320	VK320_unspecified	1	4	SE	Homo sapiens (modern human)	double	none	<PATH_TO_DATA>/VK320_unspecified_L1_R1.fastq.gz	NA	NA	ERR4059705.fastq.gz	NA
VK328	VK328_unspecified	1	4	SE	Homo sapiens (modern human)	double	none	<PATH_TO_DATA>/VK328_unspecified_L1_R1.fastq.gz	NA	NA	ERR4059712.fastq.gz	NA
VK334	VK334_unspecified	1	4	SE	Homo sapiens (modern human)	double	none	<PATH_TO_DATA>/VK334_unspecified_L1_R1.fastq.gz	NA	NA	ERR4059717.fastq.gz	NA
VK335	VK335_unspecified	1	4	SE	Homo sapiens (modern human)	double	none	<PATH_TO_DATA>/VK335_unspecified_L1_R1.fastq.gz	NA	NA	ERR4059718.fastq.gz	NA
VK337	VK337_unspecified	1	4	SE	Homo sapiens (modern human)	double	none	<PATH_TO_DATA>/VK337_unspecified_L1_R1.fastq.gz	NA	NA	ERR4059720.fastq.gz	NA
VK342	VK342_unspecified	1	4	SE	Homo sapiens (modern human)	double	none	<PATH_TO_DATA>/VK342_unspecified_L1_R1.fastq.gz	NA	NA	ERR4059724.fastq.gz	NA
VK344	VK344_unspecified	1	4	SE	Homo sapiens (modern human)	double	none	<PATH_TO_DATA>/VK344_unspecified_L1_R1.fastq.gz	NA	NA	ERR4059726.fastq.gz	NA
VK347	VK347_unspecified	1	4	SE	Homo sapiens (modern human)	double	none	<PATH_TO_DATA>/VK347_unspecified_L1_R1.fastq.gz	NA	NA	ERR4059729.fastq.gz	NA
VK350	VK350_unspecified	1	4	SE	Homo sapiens (modern human)	double	none	<PATH_TO_DATA>/VK350_unspecified_L1_R1.fastq.gz	NA	NA	ERR4059732.fastq.gz	NA
VK352	VK352_unspecified	1	4	SE	Homo sapiens (modern human)	double	none	<PATH_TO_DATA>/VK352_unspecified_L1_R1.fastq.gz	NA	NA	ERR4059733.fastq.gz	NA
VK15	VK15_unspecified	1	4	SE	Homo sapiens (modern human)	double	none	<PATH_TO_DATA>/VK15_unspecified_L1_R1.fastq.gz	NA	NA	ERR4059482.fastq.gz	NA
VK359	VK359_unspecified	1	4	SE	Homo sapiens (modern human)	double	none	<PATH_TO_DATA>/VK359_unspecified_L1_R1.fastq.gz	NA	NA	ERR4059739.fastq.gz	NA
VK18	VK18_unspecified	1	4	SE	Homo sapiens (modern human)	double	none	<PATH_TO_DATA>/VK18_unspecified_L1_R1.fastq.gz	NA	NA	ERR4059485.fastq.gz	NA
VK21	VK21_unspecified	1	4	SE	Homo sapiens (modern human)	double	none	<PATH_TO_DATA>/VK21_unspecified_L1_R1.fastq.gz	NA	NA	ERR4059488.fastq.gz	NA
VK361	VK361_unspecified	1	4	SE	Homo sapiens (modern human)	double	none	<PATH_TO_DATA>/VK361_unspecified_L1_R1.fastq.gz	NA	NA	ERR4059740.fastq.gz	NA
VK23	VK23_unspecified	1	4	SE	Homo sapiens (modern human)	double	none	<PATH_TO_DATA>/VK23_unspecified_L1_R1.fastq.gz	NA	NA	ERR4059490.fastq.gz	NA
VK366	VK366_unspecified	1	4	SE	Homo sapiens (modern human)	double	none	<PATH_TO_DATA>/VK366_unspecified_L1_R1.fastq.gz	NA	NA	ERR4059745.fastq.gz	NA
VK39	VK39_unspecified	1	4	SE	Homo sapiens (modern human)	double	none	<PATH_TO_DATA>/VK39_unspecified_L1_R1.fastq.gz	NA	NA	ERR4059500.fastq.gz	NA
VK367	VK367_unspecified	1	4	SE	Homo sapiens (modern human)	double	none	<PATH_TO_DATA>/VK367_unspecified_L1_R1.fastq.gz	NA	NA	ERR4059746.fastq.gz	NA
VK45	VK45_unspecified	1	4	SE	Homo sapiens (modern human)	double	none	<PATH_TO_DATA>/VK45_unspecified_L1_R1.fastq.gz	NA	NA	ERR4059504.fastq.gz	NA
VK368	VK368_unspecified	1	4	SE	Homo sapiens (modern human)	double	none	<PATH_TO_DATA>/VK368_unspecified_L1_R1.fastq.gz	NA	NA	ERR4059747.fastq.gz	NA
VK380	VK380_unspecified	1	4	SE	Homo sapiens (modern human)	double	none	<PATH_TO_DATA>/VK380_unspecified_L1_R1.fastq.gz	NA	NA	ERR4059754.fastq.gz	NA
VK46	VK46_unspecified	1	4	SE	Homo sapiens (modern human)	double	none	<PATH_TO_DATA>/VK46_unspecified_L1_R1.fastq.gz	NA	NA	ERR4059505.fastq.gz	NA
VK383	VK383_unspecified	1	4	SE	Homo sapiens (modern human)	double	none	<PATH_TO_DATA>/VK383_unspecified_L1_R1.fastq.gz	NA	NA	ERR4059756.fastq.gz	NA
VK50	VK50_unspecified	1	4	SE	Homo sapiens (modern human)	double	none	<PATH_TO_DATA>/VK50_unspecified_L1_R1.fastq.gz	NA	NA	ERR4059507.fastq.gz	NA
VK388	VK388_unspecified	1	4	SE	Homo sapiens (modern human)	double	none	<PATH_TO_DATA>/VK388_unspecified_L1_R1.fastq.gz	NA	NA	ERR4059761.fastq.gz	NA
VK56	VK56_unspecified	1	4	SE	Homo sapiens (modern human)	double	none	<PATH_TO_DATA>/VK56_unspecified_L1_R1.fastq.gz	NA	NA	ERR4059510.fastq.gz	NA
VK390	VK390_unspecified	1	4	SE	Homo sapiens (modern human)	double	none	<PATH_TO_DATA>/VK390_unspecified_L1_R1.fastq.gz	NA	NA	ERR4059763.fastq.gz	NA
VK401	VK401_unspecified	1	4	SE	Homo sapiens (modern human)	double	none	<PATH_TO_DATA>/VK401_unspecified_L1_R1.fastq.gz	NA	NA	ERR4059774.fastq.gz	NA
VK58	VK58_unspecified	1	4	SE	Homo sapiens (modern human)	double	none	<PATH_TO_DATA>/VK58_unspecified_L1_R1.fastq.gz	NA	NA	ERR4059512.fastq.gz	NA
VK402	VK402_unspecified	1	4	SE	Homo sapiens (modern human)	double	none	<PATH_TO_DATA>/VK402_unspecified_L1_R1.fastq.gz	NA	NA	ERR4059775.fastq.gz	NA
VK60	VK60_unspecified	1	4	SE	Homo sapiens (modern human)	double	none	<PATH_TO_DATA>/VK60_unspecified_L1_R1.fastq.gz	NA	NA	ERR4059513.fastq.gz	NA
VK64	VK64_unspecified	1	4	SE	Homo sapiens (modern human)	double	none	<PATH_TO_DATA>/VK64_unspecified_L1_R1.fastq.gz	NA	NA	ERR4059515.fastq.gz	NA
VK71	VK71_unspecified	1	4	SE	Homo sapiens (modern human)	double	none	<PATH_TO_DATA>/VK71_unspecified_L1_R1.fastq.gz	NA	NA	ERR4059519.fastq.gz	NA
VK74	VK74_unspecified	1	4	SE	Homo sapiens (modern human)	double	none	<PATH_TO_DATA>/VK74_unspecified_L1_R1.fastq.gz	NA	NA	ERR4059520.fastq.gz	NA
VK76	VK76_unspecified	1	4	SE	Homo sapiens (modern human)	double	none	<PATH_TO_DATA>/VK76_unspecified_L1_R1.fastq.gz	NA	NA	ERR4059522.fastq.gz	NA
VK406	VK406_unspecified	1	4	SE	Homo sapiens (modern human)	double	none	<PATH_TO_DATA>/VK406_unspecified_L1_R1.fastq.gz	NA	NA	ERR4059779.fastq.gz	NA
VK77	VK77_unspecified	1	4	SE	Homo sapiens (modern human)	double	none	<PATH_TO_DATA>/VK77_unspecified_L1_R1.fastq.gz	NA	NA	ERR4059523.fastq.gz	NA
VK409	VK409_unspecified	1	4	SE	Homo sapiens (modern human)	double	none	<PATH_TO_DATA>/VK409_unspecified_L1_R1.fastq.gz	NA	NA	ERR4059782.fastq.gz	NA
VK78	VK78_unspecified	1	4	SE	Homo sapiens (modern human)	double	none	<PATH_TO_DATA>/VK78_unspecified_L1_R1.fastq.gz	NA	NA	ERR4059524.fastq.gz	NA
VK413	VK413_unspecified	1	4	SE	Homo sapiens (modern human)	double	none	<PATH_TO_DATA>/VK413_unspecified_L1_R1.fastq.gz	NA	NA	ERR4059785.fastq.gz	NA
VK92	VK92_unspecified	1	4	SE	Homo sapiens (modern human)	double	none	<PATH_TO_DATA>/VK92_unspecified_L1_R1.fastq.gz	NA	NA	ERR4059529.fastq.gz	NA
VK414	VK414_unspecified	1	4	SE	Homo sapiens (modern human)	double	none	<PATH_TO_DATA>/VK414_unspecified_L1_R1.fastq.gz	NA	NA	ERR4059786.fastq.gz	NA
VK415	VK415_unspecified	1	4	SE	Homo sapiens (modern human)	double	none	<PATH_TO_DATA>/VK415_unspecified_L1_R1.fastq.gz	NA	NA	ERR4059787.fastq.gz	NA
VK95	VK95_unspecified	1	4	SE	Homo sapiens (modern human)	double	none	<PATH_TO_DATA>/VK95_unspecified_L1_R1.fastq.gz	NA	NA	ERR4059531.fastq.gz	NA
VK419	VK419_unspecified	1	4	SE	Homo sapiens (modern human)	double	none	<PATH_TO_DATA>/VK419_unspecified_L1_R1.fastq.gz	NA	NA	ERR4059790.fastq.gz	NA
VK98	VK98_unspecified	1	4	SE	Homo sapiens (modern human)	double	none	<PATH_TO_DATA>/VK98_unspecified_L1_R1.fastq.gz	NA	NA	ERR4059532.fastq.gz	NA
VK102	VK102_unspecified	1	4	SE	Homo sapiens (modern human)	double	none	<PATH_TO_DATA>/VK102_unspecified_L1_R1.fastq.gz	NA	NA	ERR4059535.fastq.gz	NA
VK420	VK420_unspecified	1	4	SE	Homo sapiens (modern human)	double	none	<PATH_TO_DATA>/VK420_unspecified_L1_R1.fastq.gz	NA	NA	ERR4059791.fastq.gz	NA
VK114	VK114_unspecified	1	4	SE	Homo sapiens (modern human)	double	none	<PATH_TO_DATA>/VK114_unspecified_L1_R1.fastq.gz	NA	NA	ERR4059540.fastq.gz	NA
VK422	VK422_unspecified	1	4	SE	Homo sapiens (modern human)	double	none	<PATH_TO_DATA>/VK422_unspecified_L1_R1.fastq.gz	NA	NA	ERR4059793.fastq.gz	NA
VK127	VK127_unspecified	1	4	SE	Homo sapiens (modern human)	double	none	<PATH_TO_DATA>/VK127_unspecified_L1_R1.fastq.gz	NA	NA	ERR4059548.fastq.gz	NA
VK138	VK138_unspecified	1	4	SE	Homo sapiens (modern human)	double	none	<PATH_TO_DATA>/VK138_unspecified_L1_R1.fastq.gz	NA	NA	ERR4059554.fastq.gz	NA
VK425	VK425_unspecified	1	4	SE	Homo sapiens (modern human)	double	none	<PATH_TO_DATA>/VK425_unspecified_L1_R1.fastq.gz	NA	NA	ERR4059795.fastq.gz	NA
VK141	VK141_unspecified	1	4	SE	Homo sapiens (modern human)	double	none	<PATH_TO_DATA>/VK141_unspecified_L1_R1.fastq.gz	NA	NA	ERR4059557.fastq.gz	NA
VK427	VK427_unspecified	1	4	SE	Homo sapiens (modern human)	double	none	<PATH_TO_DATA>/VK427_unspecified_L1_R1.fastq.gz	NA	NA	ERR4059797.fastq.gz	NA
VK143	VK143_unspecified	1	4	SE	Homo sapiens (modern human)	double	none	<PATH_TO_DATA>/VK143_unspecified_L1_R1.fastq.gz	NA	NA	ERR4059558.fastq.gz	NA
VK428	VK428_unspecified	1	4	SE	Homo sapiens (modern human)	double	none	<PATH_TO_DATA>/VK428_unspecified_L1_R1.fastq.gz	NA	NA	ERR4059798.fastq.gz	NA
VK147	VK147_unspecified	1	4	SE	Homo sapiens (modern human)	double	none	<PATH_TO_DATA>/VK147_unspecified_L1_R1.fastq.gz	NA	NA	ERR4059562.fastq.gz	NA
VK430	VK430_unspecified	1	4	SE	Homo sapiens (modern human)	double	none	<PATH_TO_DATA>/VK430_unspecified_L1_R1.fastq.gz	NA	NA	ERR4059800.fastq.gz	NA
VK148	VK148_unspecified	1	4	SE	Homo sapiens (modern human)	double	none	<PATH_TO_DATA>/VK148_unspecified_L1_R1.fastq.gz	NA	NA	ERR4059563.fastq.gz	NA
VK150	VK150_unspecified	1	4	SE	Homo sapiens (modern human)	double	none	<PATH_TO_DATA>/VK150_unspecified_L1_R1.fastq.gz	NA	NA	ERR4059565.fastq.gz	NA
VK432	VK432_unspecified	1	4	SE	Homo sapiens (modern human)	double	none	<PATH_TO_DATA>/VK432_unspecified_L1_R1.fastq.gz	NA	NA	ERR4059802.fastq.gz	NA
VK153	VK153_unspecified	1	4	SE	Homo sapiens (modern human)	double	none	<PATH_TO_DATA>/VK153_unspecified_L1_R1.fastq.gz	NA	NA	ERR4059567.fastq.gz	NA
VK155	VK155_unspecified	1	4	SE	Homo sapiens (modern human)	double	none	<PATH_TO_DATA>/VK155_unspecified_L1_R1.fastq.gz	NA	NA	ERR4059569.fastq.gz	NA
VK434	VK434_unspecified	1	4	SE	Homo sapiens (modern human)	double	none	<PATH_TO_DATA>/VK434_unspecified_L1_R1.fastq.gz	NA	NA	ERR4059804.fastq.gz	NA
VK435	VK435_unspecified	1	4	SE	Homo sapiens (modern human)	double	none	<PATH_TO_DATA>/VK435_unspecified_L1_R1.fastq.gz	NA	NA	ERR4059805.fastq.gz	NA
VK440	VK440_unspecified	1	4	SE	Homo sapiens (modern human)	double	none	<PATH_TO_DATA>/VK440_unspecified_L1_R1.fastq.gz	NA	NA	ERR4059809.fastq.gz	NA
VK444	VK444_unspecified	1	4	SE	Homo sapiens (modern human)	double	none	<PATH_TO_DATA>/VK444_unspecified_L1_R1.fastq.gz	NA	NA	ERR4059813.fastq.gz	NA
VK446	VK446_unspecified	1	4	SE	Homo sapiens (modern human)	double	none	<PATH_TO_DATA>/VK446_unspecified_L1_R1.fastq.gz	NA	NA	ERR4059815.fastq.gz	NA
VK158	VK158_unspecified	1	4	SE	Homo sapiens (modern human)	double	none	<PATH_TO_DATA>/VK158_unspecified_L1_R1.fastq.gz	NA	NA	ERR4059572.fastq.gz	NA
VK448	VK448_unspecified	1	4	SE	Homo sapiens (modern human)	double	none	<PATH_TO_DATA>/VK448_unspecified_L1_R1.fastq.gz	NA	NA	ERR4059816.fastq.gz	NA
VK449	VK449_unspecified	1	4	SE	Homo sapiens (modern human)	double	none	<PATH_TO_DATA>/VK449_unspecified_L1_R1.fastq.gz	NA	NA	ERR4059817.fastq.gz	NA
VK452	VK452_unspecified	1	4	SE	Homo sapiens (modern human)	double	none	<PATH_TO_DATA>/VK452_unspecified_L1_R1.fastq.gz	NA	NA	ERR4059819.fastq.gz	NA
VK453	VK453_unspecified	1	4	SE	Homo sapiens (modern human)	double	none	<PATH_TO_DATA>/VK453_unspecified_L1_R1.fastq.gz	NA	NA	ERR4059820.fastq.gz	NA
VK159	VK159_unspecified	1	4	SE	Homo sapiens (modern human)	double	none	<PATH_TO_DATA>/VK159_unspecified_L1_R1.fastq.gz	NA	NA	ERR4059573.fastq.gz	NA
VK160	VK160_unspecified	1	4	SE	Homo sapiens (modern human)	double	none	<PATH_TO_DATA>/VK160_unspecified_L1_R1.fastq.gz	NA	NA	ERR4059574.fastq.gz	NA
VK455	VK455_unspecified	1	4	SE	Homo sapiens (modern human)	double	none	<PATH_TO_DATA>/VK455_unspecified_L1_R1.fastq.gz	NA	NA	ERR4059822.fastq.gz	NA
VK163	VK163_unspecified	1	4	SE	Homo sapiens (modern human)	double	none	<PATH_TO_DATA>/VK163_unspecified_L1_R1.fastq.gz	NA	NA	ERR4059576.fastq.gz	NA
VK462	VK462_unspecified	1	4	SE	Homo sapiens (modern human)	double	none	<PATH_TO_DATA>/VK462_unspecified_L1_R1.fastq.gz	NA	NA	ERR4059829.fastq.gz	NA
VK164	VK164_unspecified	1	4	SE	Homo sapiens (modern human)	double	none	<PATH_TO_DATA>/VK164_unspecified_L1_R1.fastq.gz	NA	NA	ERR4059577.fastq.gz	NA
VK172	VK172_unspecified	1	4	SE	Homo sapiens (modern human)	double	none	<PATH_TO_DATA>/VK172_unspecified_L1_R1.fastq.gz	NA	NA	ERR4059584.fastq.gz	NA
VK464	VK464_unspecified	1	4	SE	Homo sapiens (modern human)	double	none	<PATH_TO_DATA>/VK464_unspecified_L1_R1.fastq.gz	NA	NA	ERR4059831.fastq.gz	NA
VK177	VK177_unspecified	1	4	SE	Homo sapiens (modern human)	double	none	<PATH_TO_DATA>/VK177_unspecified_L1_R1.fastq.gz	NA	NA	ERR4059589.fastq.gz	NA
VK179	VK179_unspecified	1	4	SE	Homo sapiens (modern human)	double	none	<PATH_TO_DATA>/VK179_unspecified_L1_R1.fastq.gz	NA	NA	ERR4059591.fastq.gz	NA
VK467	VK467_unspecified	1	4	SE	Homo sapiens (modern human)	double	none	<PATH_TO_DATA>/VK467_unspecified_L1_R1.fastq.gz	NA	NA	ERR4059833.fastq.gz	NA
VK180	VK180_unspecified	1	4	SE	Homo sapiens (modern human)	double	none	<PATH_TO_DATA>/VK180_unspecified_L1_R1.fastq.gz	NA	NA	ERR4059592.fastq.gz	NA
VK185	VK185_unspecified	1	4	SE	Homo sapiens (modern human)	double	none	<PATH_TO_DATA>/VK185_unspecified_L1_R1.fastq.gz	NA	NA	ERR4059596.fastq.gz	NA
VK476	VK476_unspecified	1	4	SE	Homo sapiens (modern human)	double	none	<PATH_TO_DATA>/VK476_unspecified_L1_R1.fastq.gz	NA	NA	ERR4059842.fastq.gz	NA
VK191	VK191_unspecified	1	4	SE	Homo sapiens (modern human)	double	none	<PATH_TO_DATA>/VK191_unspecified_L1_R1.fastq.gz	NA	NA	ERR4059601.fastq.gz	NA
VK477	VK477_unspecified	1	4	SE	Homo sapiens (modern human)	double	none	<PATH_TO_DATA>/VK477_unspecified_L1_R1.fastq.gz	NA	NA	ERR4059843.fastq.gz	NA
VK200	VK200_unspecified	1	4	SE	Homo sapiens (modern human)	double	none	<PATH_TO_DATA>/VK200_unspecified_L1_R1.fastq.gz	NA	NA	ERR4059604.fastq.gz	NA
VK479	VK479_unspecified	1	4	SE	Homo sapiens (modern human)	double	none	<PATH_TO_DATA>/VK479_unspecified_L1_R1.fastq.gz	NA	NA	ERR4059845.fastq.gz	NA
VK202	VK202_unspecified	1	4	SE	Homo sapiens (modern human)	double	none	<PATH_TO_DATA>/VK202_unspecified_L1_R1.fastq.gz	NA	NA	ERR4059606.fastq.gz	NA
VK481	VK481_unspecified	1	4	SE	Homo sapiens (modern human)	double	none	<PATH_TO_DATA>/VK481_unspecified_L1_R1.fastq.gz	NA	NA	ERR4059847.fastq.gz	NA
VK204	VK204_unspecified	1	4	SE	Homo sapiens (modern human)	double	none	<PATH_TO_DATA>/VK204_unspecified_L1_R1.fastq.gz	NA	NA	ERR4059608.fastq.gz	NA
VK213	VK213_unspecified	1	4	SE	Homo sapiens (modern human)	double	none	<PATH_TO_DATA>/VK213_unspecified_L1_R1.fastq.gz	NA	NA	ERR4059616.fastq.gz	NA
VK485	VK485_unspecified	1	4	SE	Homo sapiens (modern human)	double	none	<PATH_TO_DATA>/VK485_unspecified_L1_R1.fastq.gz	NA	NA	ERR4059851.fastq.gz	NA
VK220	VK220_unspecified	1	4	SE	Homo sapiens (modern human)	double	none	<PATH_TO_DATA>/VK220_unspecified_L1_R1.fastq.gz	NA	NA	ERR4059623.fastq.gz	NA
VK488	VK488_unspecified	1	4	SE	Homo sapiens (modern human)	double	none	<PATH_TO_DATA>/VK488_unspecified_L1_R1.fastq.gz	NA	NA	ERR4059854.fastq.gz	NA
VK224	VK224_unspecified	1	4	SE	Homo sapiens (modern human)	double	none	<PATH_TO_DATA>/VK224_unspecified_L1_R1.fastq.gz	NA	NA	ERR4059627.fastq.gz	NA
VK495	VK495_unspecified	1	4	SE	Homo sapiens (modern human)	double	none	<PATH_TO_DATA>/VK495_unspecified_L1_R1.fastq.gz	NA	NA	ERR4059861.fastq.gz	NA
VK225	VK225_unspecified	1	4	SE	Homo sapiens (modern human)	double	none	<PATH_TO_DATA>/VK225_unspecified_L1_R1.fastq.gz	NA	NA	ERR4059628.fastq.gz	NA
VK497	VK497_unspecified	1	4	SE	Homo sapiens (modern human)	double	none	<PATH_TO_DATA>/VK497_unspecified_L1_R1.fastq.gz	NA	NA	ERR4059863.fastq.gz	NA
VK228	VK228_unspecified	1	4	SE	Homo sapiens (modern human)	double	none	<PATH_TO_DATA>/VK228_unspecified_L1_R1.fastq.gz	NA	NA	ERR4059631.fastq.gz	NA
VK505	VK505_unspecified	1	4	SE	Homo sapiens (modern human)	double	none	<PATH_TO_DATA>/VK505_unspecified_L1_R1.fastq.gz	NA	NA	ERR4059866.fastq.gz	NA
VK236	VK236_unspecified	1	4	SE	Homo sapiens (modern human)	double	none	<PATH_TO_DATA>/VK236_unspecified_L1_R1.fastq.gz	NA	NA	ERR4059635.fastq.gz	NA
VK507	VK507_unspecified	1	4	SE	Homo sapiens (modern human)	double	none	<PATH_TO_DATA>/VK507_unspecified_L1_R1.fastq.gz	NA	NA	ERR4059868.fastq.gz	NA
VK240	VK240_unspecified	1	4	SE	Homo sapiens (modern human)	double	none	<PATH_TO_DATA>/VK240_unspecified_L1_R1.fastq.gz	NA	NA	ERR4059639.fastq.gz	NA
VK510	VK510_unspecified	1	4	SE	Homo sapiens (modern human)	double	none	<PATH_TO_DATA>/VK510_unspecified_L1_R1.fastq.gz	NA	NA	ERR4059871.fastq.gz	NA
VK242	VK242_unspecified	1	4	SE	Homo sapiens (modern human)	double	none	<PATH_TO_DATA>/VK242_unspecified_L1_R1.fastq.gz	NA	NA	ERR4059641.fastq.gz	NA
VK511	VK511_unspecified	1	4	SE	Homo sapiens (modern human)	double	none	<PATH_TO_DATA>/VK511_unspecified_L1_R1.fastq.gz	NA	NA	ERR4059872.fastq.gz	NA
VK244	VK244_unspecified	1	4	SE	Homo sapiens (modern human)	double	none	<PATH_TO_DATA>/VK244_unspecified_L1_R1.fastq.gz	NA	NA	ERR4059642.fastq.gz	NA
VK248	VK248_unspecified	1	4	SE	Homo sapiens (modern human)	double	none	<PATH_TO_DATA>/VK248_unspecified_L1_R1.fastq.gz	NA	NA	ERR4059645.fastq.gz	NA
VK519	VK519_unspecified	1	4	SE	Homo sapiens (modern human)	double	none	<PATH_TO_DATA>/VK519_unspecified_L1_R1.fastq.gz	NA	NA	ERR4059880.fastq.gz	NA
VK251	VK251_unspecified	1	4	SE	Homo sapiens (modern human)	double	none	<PATH_TO_DATA>/VK251_unspecified_L1_R1.fastq.gz	NA	NA	ERR4059646.fastq.gz	NA
VK523	VK523_unspecified	1	4	SE	Homo sapiens (modern human)	double	none	<PATH_TO_DATA>/VK523_unspecified_L1_R1.fastq.gz	NA	NA	ERR4059884.fastq.gz	NA
VK252	VK252_unspecified	1	4	SE	Homo sapiens (modern human)	double	none	<PATH_TO_DATA>/VK252_unspecified_L1_R1.fastq.gz	NA	NA	ERR4059647.fastq.gz	NA
VK526	VK526_unspecified	1	4	SE	Homo sapiens (modern human)	double	none	<PATH_TO_DATA>/VK526_unspecified_L1_R1.fastq.gz	NA	NA	ERR4059887.fastq.gz	NA
VK253	VK253_unspecified	1	4	SE	Homo sapiens (modern human)	double	none	<PATH_TO_DATA>/VK253_unspecified_L1_R1.fastq.gz	NA	NA	ERR4059648.fastq.gz	NA
VK529	VK529_unspecified	1	4	SE	Homo sapiens (modern human)	double	none	<PATH_TO_DATA>/VK529_unspecified_L1_R1.fastq.gz	NA	NA	ERR4059890.fastq.gz	NA
VK256	VK256_unspecified	1	4	SE	Homo sapiens (modern human)	double	none	<PATH_TO_DATA>/VK256_unspecified_L1_R1.fastq.gz	NA	NA	ERR4059651.fastq.gz	NA
VK531	VK531_unspecified	1	4	SE	Homo sapiens (modern human)	double	none	<PATH_TO_DATA>/VK531_unspecified_L1_R1.fastq.gz	NA	NA	ERR4059892.fastq.gz	NA
VK257	VK257_unspecified	1	4	SE	Homo sapiens (modern human)	double	none	<PATH_TO_DATA>/VK257_unspecified_L1_R1.fastq.gz	NA	NA	ERR4059652.fastq.gz	NA
VK533	VK533_unspecified	1	4	SE	Homo sapiens (modern human)	double	none	<PATH_TO_DATA>/VK533_unspecified_L1_R1.fastq.gz	NA	NA	ERR4059894.fastq.gz	NA
VK262	VK262_unspecified	1	4	SE	Homo sapiens (modern human)	double	none	<PATH_TO_DATA>/VK262_unspecified_L1_R1.fastq.gz	NA	NA	ERR4059657.fastq.gz	NA
VK264	VK264_unspecified	1	4	SE	Homo sapiens (modern human)	double	none	<PATH_TO_DATA>/VK264_unspecified_L1_R1.fastq.gz	NA	NA	ERR4059659.fastq.gz	NA
VK534	VK534_unspecified	1	4	SE	Homo sapiens (modern human)	double	none	<PATH_TO_DATA>/VK534_unspecified_L1_R1.fastq.gz	NA	NA	ERR4059895.fastq.gz	NA
VK269	VK269_unspecified	1	4	SE	Homo sapiens (modern human)	double	none	<PATH_TO_DATA>/VK269_unspecified_L1_R1.fastq.gz	NA	NA	ERR4059664.fastq.gz	NA
VK541	VK541_unspecified	1	4	SE	Homo sapiens (modern human)	double	none	<PATH_TO_DATA>/VK541_unspecified_L1_R1.fastq.gz	NA	NA	ERR4059902.fastq.gz	NA
VK545	VK545_unspecified	1	4	SE	Homo sapiens (modern human)	double	none	<PATH_TO_DATA>/VK545_unspecified_L1_R1.fastq.gz	NA	NA	ERR4059906.fastq.gz	NA
VK270	VK270_unspecified	1	4	SE	Homo sapiens (modern human)	double	none	<PATH_TO_DATA>/VK270_unspecified_L1_R1.fastq.gz	NA	NA	ERR4059665.fastq.gz	NA
VK546	VK546_unspecified	1	4	SE	Homo sapiens (modern human)	double	none	<PATH_TO_DATA>/VK546_unspecified_L1_R1.fastq.gz	NA	NA	ERR4059907.fastq.gz	NA
VK273	VK273_unspecified	1	4	SE	Homo sapiens (modern human)	double	none	<PATH_TO_DATA>/VK273_unspecified_L1_R1.fastq.gz	NA	NA	ERR4059667.fastq.gz	NA
VK548	VK548_unspecified	1	4	SE	Homo sapiens (modern human)	double	none	<PATH_TO_DATA>/VK548_unspecified_L1_R1.fastq.gz	NA	NA	ERR4059909.fastq.gz	NA
VK549	VK549_unspecified	1	4	SE	Homo sapiens (modern human)	double	none	<PATH_TO_DATA>/VK549_unspecified_L1_R1.fastq.gz	NA	NA	ERR4059910.fastq.gz	NA
VK274	VK274_unspecified	1	4	SE	Homo sapiens (modern human)	double	none	<PATH_TO_DATA>/VK274_unspecified_L1_R1.fastq.gz	NA	NA	ERR4059668.fastq.gz	NA
VK550	VK550_unspecified	1	4	SE	Homo sapiens (modern human)	double	none	<PATH_TO_DATA>/VK550_unspecified_L1_R1.fastq.gz	NA	NA	ERR4059911.fastq.gz	NA
VK551	VK551_unspecified	1	4	SE	Homo sapiens (modern human)	double	none	<PATH_TO_DATA>/VK551_unspecified_L1_R1.fastq.gz	NA	NA	ERR4059912.fastq.gz	NA
VK275	VK275_unspecified	1	4	SE	Homo sapiens (modern human)	double	none	<PATH_TO_DATA>/VK275_unspecified_L1_R1.fastq.gz	NA	NA	ERR4059669.fastq.gz	NA
VK278	VK278_unspecified	1	4	SE	Homo sapiens (modern human)	double	none	<PATH_TO_DATA>/VK278_unspecified_L1_R1.fastq.gz	NA	NA	ERR4059671.fastq.gz	NA
VK280	VK280_unspecified	1	4	SE	Homo sapiens (modern human)	double	none	<PATH_TO_DATA>/VK280_unspecified_L1_R1.fastq.gz	NA	NA	ERR4059673.fastq.gz	NA
VK286	VK286_unspecified	1	4	SE	Homo sapiens (modern human)	double	none	<PATH_TO_DATA>/VK286_unspecified_L1_R1.fastq.gz	NA	NA	ERR4059678.fastq.gz	NA
VK291	VK291_unspecified	1	4	SE	Homo sapiens (modern human)	double	none	<PATH_TO_DATA>/VK291_unspecified_L1_R1.fastq.gz	NA	NA	ERR4059683.fastq.gz	NA
VK292	VK292_unspecified	1	4	SE	Homo sapiens (modern human)	double	none	<PATH_TO_DATA>/VK292_unspecified_L1_R1.fastq.gz	NA	NA	ERR4059684.fastq.gz	NA
VK294	VK294_unspecified	1	4	SE	Homo sapiens (modern human)	double	none	<PATH_TO_DATA>/VK294_unspecified_L1_R1.fastq.gz	NA	NA	ERR4059685.fastq.gz	NA
VK300	VK300_unspecified	1	4	SE	Homo sapiens (modern human)	double	none	<PATH_TO_DATA>/VK300_unspecified_L1_R1.fastq.gz	NA	NA	ERR4059690.fastq.gz	NA
VK303	VK303_unspecified	1	4	SE	Homo sapiens (modern human)	double	none	<PATH_TO_DATA>/VK303_unspecified_L1_R1.fastq.gz	NA	NA	ERR4059692.fastq.gz	NA
VK316	VK316_unspecified	1	4	SE	Homo sapiens (modern human)	double	none	<PATH_TO_DATA>/VK316_unspecified_L1_R1.fastq.gz	NA	NA	ERR4059701.fastq.gz	NA
VK319	VK319_unspecified	1	4	SE	Homo sapiens (modern human)	double	none	<PATH_TO_DATA>/VK319_unspecified_L1_R1.fastq.gz	NA	NA	ERR4059704.fastq.gz	NA
VK322	VK322_unspecified	1	4	SE	Homo sapiens (modern human)	double	none	<PATH_TO_DATA>/VK322_unspecified_L1_R1.fastq.gz	NA	NA	ERR4059706.fastq.gz	NA
VK323	VK323_unspecified	1	4	SE	Homo sapiens (modern human)	double	none	<PATH_TO_DATA>/VK323_unspecified_L1_R1.fastq.gz	NA	NA	ERR4059707.fastq.gz	NA
VK325	VK325_unspecified	1	4	SE	Homo sapiens (modern human)	double	none	<PATH_TO_DATA>/VK325_unspecified_L1_R1.fastq.gz	NA	NA	ERR4059709.fastq.gz	NA
VK326	VK326_unspecified	1	4	SE	Homo sapiens (modern human)	double	none	<PATH_TO_DATA>/VK326_unspecified_L1_R1.fastq.gz	NA	NA	ERR4059710.fastq.gz	NA
VK332	VK332_unspecified	1	4	SE	Homo sapiens (modern human)	double	none	<PATH_TO_DATA>/VK332_unspecified_L1_R1.fastq.gz	NA	NA	ERR4059715.fastq.gz	NA
VK333	VK333_unspecified	1	4	SE	Homo sapiens (modern human)	double	none	<PATH_TO_DATA>/VK333_unspecified_L1_R1.fastq.gz	NA	NA	ERR4059716.fastq.gz	NA
VK338	VK338_unspecified	1	4	SE	Homo sapiens (modern human)	double	none	<PATH_TO_DATA>/VK338_unspecified_L1_R1.fastq.gz	NA	NA	ERR4059721.fastq.gz	NA
VK339	VK339_unspecified	1	4	SE	Homo sapiens (modern human)	double	none	<PATH_TO_DATA>/VK339_unspecified_L1_R1.fastq.gz	NA	NA	ERR4059722.fastq.gz	NA
VK340	VK340_unspecified	1	4	SE	Homo sapiens (modern human)	double	none	<PATH_TO_DATA>/VK340_unspecified_L1_R1.fastq.gz	NA	NA	ERR4059723.fastq.gz	NA
VK345	VK345_unspecified	1	4	SE	Homo sapiens (modern human)	double	none	<PATH_TO_DATA>/VK345_unspecified_L1_R1.fastq.gz	NA	NA	ERR4059727.fastq.gz	NA
VK353	VK353_unspecified	1	4	SE	Homo sapiens (modern human)	double	none	<PATH_TO_DATA>/VK353_unspecified_L1_R1.fastq.gz	NA	NA	ERR4059734.fastq.gz	NA
VK354	VK354_unspecified	1	4	SE	Homo sapiens (modern human)	double	none	<PATH_TO_DATA>/VK354_unspecified_L1_R1.fastq.gz	NA	NA	ERR4059735.fastq.gz	NA
VK358	VK358_unspecified	1	4	SE	Homo sapiens (modern human)	double	none	<PATH_TO_DATA>/VK358_unspecified_L1_R1.fastq.gz	NA	NA	ERR4059738.fastq.gz	NA
VK362	VK362_unspecified	1	4	SE	Homo sapiens (modern human)	double	none	<PATH_TO_DATA>/VK362_unspecified_L1_R1.fastq.gz	NA	NA	ERR4059741.fastq.gz	NA
VK363	VK363_unspecified	1	4	SE	Homo sapiens (modern human)	double	none	<PATH_TO_DATA>/VK363_unspecified_L1_R1.fastq.gz	NA	NA	ERR4059742.fastq.gz	NA
VK364	VK364_unspecified	1	4	SE	Homo sapiens (modern human)	double	none	<PATH_TO_DATA>/VK364_unspecified_L1_R1.fastq.gz	NA	NA	ERR4059743.fastq.gz	NA
VK365	VK365_unspecified	1	4	SE	Homo sapiens (modern human)	double	none	<PATH_TO_DATA>/VK365_unspecified_L1_R1.fastq.gz	NA	NA	ERR4059744.fastq.gz	NA
VK370	VK370_unspecified	1	4	SE	Homo sapiens (modern human)	double	none	<PATH_TO_DATA>/VK370_unspecified_L1_R1.fastq.gz	NA	NA	ERR4059749.fastq.gz	NA
VK371	VK371_unspecified	1	4	SE	Homo sapiens (modern human)	double	none	<PATH_TO_DATA>/VK371_unspecified_L1_R1.fastq.gz	NA	NA	ERR4059750.fastq.gz	NA
VK372	VK372_unspecified	1	4	SE	Homo sapiens (modern human)	double	none	<PATH_TO_DATA>/VK372_unspecified_L1_R1.fastq.gz	NA	NA	ERR4059751.fastq.gz	NA
VK373	VK373_unspecified	1	4	SE	Homo sapiens (modern human)	double	none	<PATH_TO_DATA>/VK373_unspecified_L1_R1.fastq.gz	NA	NA	ERR4059752.fastq.gz	NA
VK379	VK379_unspecified	1	4	SE	Homo sapiens (modern human)	double	none	<PATH_TO_DATA>/VK379_unspecified_L1_R1.fastq.gz	NA	NA	ERR4059753.fastq.gz	NA
VK382	VK382_unspecified	1	4	SE	Homo sapiens (modern human)	double	none	<PATH_TO_DATA>/VK382_unspecified_L1_R1.fastq.gz	NA	NA	ERR4059755.fastq.gz	NA
VK385	VK385_unspecified	1	4	SE	Homo sapiens (modern human)	double	none	<PATH_TO_DATA>/VK385_unspecified_L1_R1.fastq.gz	NA	NA	ERR4059758.fastq.gz	NA
VK389	VK389_unspecified	1	4	SE	Homo sapiens (modern human)	double	none	<PATH_TO_DATA>/VK389_unspecified_L1_R1.fastq.gz	NA	NA	ERR4059762.fastq.gz	NA
VK392	VK392_unspecified	1	4	SE	Homo sapiens (modern human)	double	none	<PATH_TO_DATA>/VK392_unspecified_L1_R1.fastq.gz	NA	NA	ERR4059765.fastq.gz	NA
VK393	VK393_unspecified	1	4	SE	Homo sapiens (modern human)	double	none	<PATH_TO_DATA>/VK393_unspecified_L1_R1.fastq.gz	NA	NA	ERR4059766.fastq.gz	NA
VK394	VK394_unspecified	1	4	SE	Homo sapiens (modern human)	double	none	<PATH_TO_DATA>/VK394_unspecified_L1_R1.fastq.gz	NA	NA	ERR4059767.fastq.gz	NA
VK395	VK395_unspecified	1	4	SE	Homo sapiens (modern human)	double	none	<PATH_TO_DATA>/VK395_unspecified_L1_R1.fastq.gz	NA	NA	ERR4059768.fastq.gz	NA
VK399	VK399_unspecified	1	4	SE	Homo sapiens (modern human)	double	none	<PATH_TO_DATA>/VK399_unspecified_L1_R1.fastq.gz	NA	NA	ERR4059772.fastq.gz	NA
VK403	VK403_unspecified	1	4	SE	Homo sapiens (modern human)	double	none	<PATH_TO_DATA>/VK403_unspecified_L1_R1.fastq.gz	NA	NA	ERR4059776.fastq.gz	NA
VK411	VK411_unspecified	1	4	SE	Homo sapiens (modern human)	double	none	<PATH_TO_DATA>/VK411_unspecified_L1_R1.fastq.gz	NA	NA	ERR4059784.fastq.gz	NA
VK417	VK417_unspecified	1	4	SE	Homo sapiens (modern human)	double	none	<PATH_TO_DATA>/VK417_unspecified_L1_R1.fastq.gz	NA	NA	ERR4059788.fastq.gz	NA
VK424	VK424_unspecified	1	4	SE	Homo sapiens (modern human)	double	none	<PATH_TO_DATA>/VK424_unspecified_L1_R1.fastq.gz	NA	NA	ERR4059794.fastq.gz	NA
VK429	VK429_unspecified	1	4	SE	Homo sapiens (modern human)	double	none	<PATH_TO_DATA>/VK429_unspecified_L1_R1.fastq.gz	NA	NA	ERR4059799.fastq.gz	NA
VK437	VK437_unspecified	1	4	SE	Homo sapiens (modern human)	double	none	<PATH_TO_DATA>/VK437_unspecified_L1_R1.fastq.gz	NA	NA	ERR4059806.fastq.gz	NA
VK438	VK438_unspecified	1	4	SE	Homo sapiens (modern human)	double	none	<PATH_TO_DATA>/VK438_unspecified_L1_R1.fastq.gz	NA	NA	ERR4059807.fastq.gz	NA
VK439	VK439_unspecified	1	4	SE	Homo sapiens (modern human)	double	none	<PATH_TO_DATA>/VK439_unspecified_L1_R1.fastq.gz	NA	NA	ERR4059808.fastq.gz	NA
VK442	VK442_unspecified	1	4	SE	Homo sapiens (modern human)	double	none	<PATH_TO_DATA>/VK442_unspecified_L1_R1.fastq.gz	NA	NA	ERR4059811.fastq.gz	NA
VK456	VK456_unspecified	1	4	SE	Homo sapiens (modern human)	double	none	<PATH_TO_DATA>/VK456_unspecified_L1_R1.fastq.gz	NA	NA	ERR4059823.fastq.gz	NA
VK458	VK458_unspecified	1	4	SE	Homo sapiens (modern human)	double	none	<PATH_TO_DATA>/VK458_unspecified_L1_R1.fastq.gz	NA	NA	ERR4059825.fastq.gz	NA
VK461	VK461_unspecified	1	4	SE	Homo sapiens (modern human)	double	none	<PATH_TO_DATA>/VK461_unspecified_L1_R1.fastq.gz	NA	NA	ERR4059828.fastq.gz	NA
VK463	VK463_unspecified	1	4	SE	Homo sapiens (modern human)	double	none	<PATH_TO_DATA>/VK463_unspecified_L1_R1.fastq.gz	NA	NA	ERR4059830.fastq.gz	NA
VK466	VK466_unspecified	1	4	SE	Homo sapiens (modern human)	double	none	<PATH_TO_DATA>/VK466_unspecified_L1_R1.fastq.gz	NA	NA	ERR4059832.fastq.gz	NA
VK469	VK469_unspecified	1	4	SE	Homo sapiens (modern human)	double	none	<PATH_TO_DATA>/VK469_unspecified_L1_R1.fastq.gz	NA	NA	ERR4059835.fastq.gz	NA
VK473	VK473_unspecified	1	4	SE	Homo sapiens (modern human)	double	none	<PATH_TO_DATA>/VK473_unspecified_L1_R1.fastq.gz	NA	NA	ERR4059839.fastq.gz	NA
VK478	VK478_unspecified	1	4	SE	Homo sapiens (modern human)	double	none	<PATH_TO_DATA>/VK478_unspecified_L1_R1.fastq.gz	NA	NA	ERR4059844.fastq.gz	NA
VK482	VK482_unspecified	1	4	SE	Homo sapiens (modern human)	double	none	<PATH_TO_DATA>/VK482_unspecified_L1_R1.fastq.gz	NA	NA	ERR4059848.fastq.gz	NA
VK483	VK483_unspecified	1	4	SE	Homo sapiens (modern human)	double	none	<PATH_TO_DATA>/VK483_unspecified_L1_R1.fastq.gz	NA	NA	ERR4059849.fastq.gz	NA
VK484	VK484_unspecified	1	4	SE	Homo sapiens (modern human)	double	none	<PATH_TO_DATA>/VK484_unspecified_L1_R1.fastq.gz	NA	NA	ERR4059850.fastq.gz	NA
VK486	VK486_unspecified	1	4	SE	Homo sapiens (modern human)	double	none	<PATH_TO_DATA>/VK486_unspecified_L1_R1.fastq.gz	NA	NA	ERR4059852.fastq.gz	NA
VK487	VK487_unspecified	1	4	SE	Homo sapiens (modern human)	double	none	<PATH_TO_DATA>/VK487_unspecified_L1_R1.fastq.gz	NA	NA	ERR4059853.fastq.gz	NA
VK489	VK489_unspecified	1	4	SE	Homo sapiens (modern human)	double	none	<PATH_TO_DATA>/VK489_unspecified_L1_R1.fastq.gz	NA	NA	ERR4059855.fastq.gz	NA
VK490	VK490_unspecified	1	4	SE	Homo sapiens (modern human)	double	none	<PATH_TO_DATA>/VK490_unspecified_L1_R1.fastq.gz	NA	NA	ERR4059856.fastq.gz	NA
VK491	VK491_unspecified	1	4	SE	Homo sapiens (modern human)	double	none	<PATH_TO_DATA>/VK491_unspecified_L1_R1.fastq.gz	NA	NA	ERR4059857.fastq.gz	NA
VK493	VK493_unspecified	1	4	SE	Homo sapiens (modern human)	double	none	<PATH_TO_DATA>/VK493_unspecified_L1_R1.fastq.gz	NA	NA	ERR4059859.fastq.gz	NA
VK498	VK498_unspecified	1	4	SE	Homo sapiens (modern human)	double	none	<PATH_TO_DATA>/VK498_unspecified_L1_R1.fastq.gz	NA	NA	ERR4059864.fastq.gz	NA
VK504	VK504_unspecified	1	4	SE	Homo sapiens (modern human)	double	none	<PATH_TO_DATA>/VK504_unspecified_L1_R1.fastq.gz	NA	NA	ERR4059865.fastq.gz	NA
VK506	VK506_unspecified	1	4	SE	Homo sapiens (modern human)	double	none	<PATH_TO_DATA>/VK506_unspecified_L1_R1.fastq.gz	NA	NA	ERR4059867.fastq.gz	NA
VK508	VK508_unspecified	1	4	SE	Homo sapiens (modern human)	double	none	<PATH_TO_DATA>/VK508_unspecified_L1_R1.fastq.gz	NA	NA	ERR4059869.fastq.gz	NA
VK512	VK512_unspecified	1	4	SE	Homo sapiens (modern human)	double	none	<PATH_TO_DATA>/VK512_unspecified_L1_R1.fastq.gz	NA	NA	ERR4059873.fastq.gz	NA
VK513	VK513_unspecified	1	4	SE	Homo sapiens (modern human)	double	none	<PATH_TO_DATA>/VK513_unspecified_L1_R1.fastq.gz	NA	NA	ERR4059874.fastq.gz	NA
VK516	VK516_unspecified	1	4	SE	Homo sapiens (modern human)	double	none	<PATH_TO_DATA>/VK516_unspecified_L1_R1.fastq.gz	NA	NA	ERR4059877.fastq.gz	NA
VK517	VK517_unspecified	1	4	SE	Homo sapiens (modern human)	double	none	<PATH_TO_DATA>/VK517_unspecified_L1_R1.fastq.gz	NA	NA	ERR4059878.fastq.gz	NA
VK521	VK521_unspecified	1	4	SE	Homo sapiens (modern human)	double	none	<PATH_TO_DATA>/VK521_unspecified_L1_R1.fastq.gz	NA	NA	ERR4059882.fastq.gz	NA
VK522	VK522_unspecified	1	4	SE	Homo sapiens (modern human)	double	none	<PATH_TO_DATA>/VK522_unspecified_L1_R1.fastq.gz	NA	NA	ERR4059883.fastq.gz	NA
VK524	VK524_unspecified	1	4	SE	Homo sapiens (modern human)	double	none	<PATH_TO_DATA>/VK524_unspecified_L1_R1.fastq.gz	NA	NA	ERR4059885.fastq.gz	NA
VK525	VK525_unspecified	1	4	SE	Homo sapiens (modern human)	double	none	<PATH_TO_DATA>/VK525_unspecified_L1_R1.fastq.gz	NA	NA	ERR4059886.fastq.gz	NA
VK527	VK527_unspecified	1	4	SE	Homo sapiens (modern human)	double	none	<PATH_TO_DATA>/VK527_unspecified_L1_R1.fastq.gz	NA	NA	ERR4059888.fastq.gz	NA
VK528	VK528_unspecified	1	4	SE	Homo sapiens (modern human)	double	none	<PATH_TO_DATA>/VK528_unspecified_L1_R1.fastq.gz	NA	NA	ERR4059889.fastq.gz	NA
VK532	VK532_unspecified	1	4	SE	Homo sapiens (modern human)	double	none	<PATH_TO_DATA>/VK532_unspecified_L1_R1.fastq.gz	NA	NA	ERR4059893.fastq.gz	NA
VK535	VK535_unspecified	1	4	SE	Homo sapiens (modern human)	double	none	<PATH_TO_DATA>/VK535_unspecified_L1_R1.fastq.gz	NA	NA	ERR4059896.fastq.gz	NA
VK536	VK536_unspecified	1	4	SE	Homo sapiens (modern human)	double	none	<PATH_TO_DATA>/VK536_unspecified_L1_R1.fastq.gz	NA	NA	ERR4059897.fastq.gz	NA
VK538	VK538_unspecified	1	4	SE	Homo sapiens (modern human)	double	none	<PATH_TO_DATA>/VK538_unspecified_L1_R1.fastq.gz	NA	NA	ERR4059899.fastq.gz	NA
VK540	VK540_unspecified	1	4	SE	Homo sapiens (modern human)	double	none	<PATH_TO_DATA>/VK540_unspecified_L1_R1.fastq.gz	NA	NA	ERR4059901.fastq.gz	NA
VK543	VK543_unspecified	1	4	SE	Homo sapiens (modern human)	double	none	<PATH_TO_DATA>/VK543_unspecified_L1_R1.fastq.gz	NA	NA	ERR4059904.fastq.gz	NA
